<?xml version="1.0" encoding="UTF-8" ?>
<!DOCTYPE log4j:configuration SYSTEM "log4j.dtd">
<log4j:configuration xmlns:log4j="http://jakarta.apache.org/log4j/">
	<appender name="appender" class="org.apache.log4j.RollingFileAppender">
		<param name="File"
			value="/app/bea/user_projects/domains/CCMS_DEV/logs/ip122/ccms_ip122.log" />
		<param name="maxFileSize" value="10MB" />
		<param name="maxBackupIndex" value="10" />
		<param name="Append" value="true" />
		<layout class="org.apache.log4j.PatternLayout">
			<param name="ConversionPattern" value="%d{yyyy-MM-dd HH:mm:ss} %-5p %c{1}:%L - %m%n" />
		</layout>
	</appender>
	<root>
		<priority value="debug" />
		<appender-ref ref="appender" />
	</root>
</log4j:configuration>