<?xml version="1.0" encoding="UTF-8"?>
<!DOCTYPE xml>
<configuration>

	<appender name="FILE"
		class="ch.qos.logback.core.rolling.RollingFileAppender">
		<file>logs/SpringBootActuator.log</file>
		<rollingPolicy
			class="ch.qos.logback.core.rolling.SizeAndTimeBasedRollingPolicy">
			<fileNamePattern>logs/logs/SpringBootActuator.log-%d{yyyy-MM-dd}.%i.log</fileNamePattern>
			<maxFileSize>10MB</maxFileSize>
			<maxHistory>10</maxHistory>
			<totalSizeCap>100MB</totalSizeCap>
		</rollingPolicy>

		<layout>
			<Pattern>
				%d{yyyy-MM-dd HH:mm:ss.SSS} [%thread] %-5level %logger{36}:%L - %msg%n
			</Pattern>
		</layout>
	</appender>

	<root level="DEBUG">
		<appender-ref ref="FILE" />
	</root>

</configuration>
